Type,Count_of_Category,Average_Count,Type_Count,Percent_of_total
CRE040,2,7.0,2,3.5714285714285716
FB5A,110,13.145454545454545,4,98.21428571428571
"FS1A,FS1B",62,6.983870967741935,64,3.4598214285714284
LAL200,6,5.5,2,10.714285714285714
PFL2,42,9.095238095238095,12,12.5
PFL3,71,8.338028169014084,24,10.56547619047619
SMP153,7,7.0,4,6.25
SMP155,7,5.285714285714286,4,6.25
SMP386,3,6.666666666666667,2,5.357142857142857
hDeltaM,44,13.386363636363637,8,19.642857142857142
