Type,Count_of_Category,Average_Count,Type_Count,Percent_of_total
CB.FB7B0,11,5.7272727272727275,5,5.7894736842105265
SMP010,7,6.428571428571429,2,9.210526315789474
SMP457,4,5.75,2,5.2631578947368425
hDeltaG,17,6.9411764705882355,8,5.592105263157895
