Type,Count_of_Category,Average_Count,Type_Count,Percent_of_total
DGI,14,6.285714285714286,2,11.11111111111111
SMP234,8,5.625,2,6.349206349206349
