Type,Count_of_Category,Average_Count,Type_Count,Percent_of_total
CB.FB6E4,95,12.0,8,49.479166666666664
ExR3,24,9.333333333333334,2,50.0
FB4X,9,8.0,2,18.75
FB5I,3,5.666666666666667,2,6.25
LPsP,4,16.5,2,8.333333333333334
hDeltaA,12,10.166666666666666,10,5.0
hDeltaH,12,8.333333333333334,8,6.25
hDeltaK,64,13.046875,31,8.602150537634408
