Type,Count_of_Category,Average_Count,Type_Count,Percent_of_total
CB.FB5I2,106,12.00943396226415,3,47.747747747747745
FB4Y,185,8.07027027027027,6,41.666666666666664
FB5H,100,10.52,2,67.56756756756756
FC2A,153,12.117647058823529,16,12.922297297297296
hDeltaG,38,12.526315789473685,8,6.418918918918919
hDeltaH,217,16.838709677419356,8,36.6554054054054
hDeltaM,66,12.287878787878787,8,11.14864864864865
